"Employee_id","Month","Leaves","Present","Allowed_leaves","Total_amount"
"1","January","18","12","5","30000"
"1","February","0","15","5","30000"
"1","March","13","16","5","30000"
"1","April","19","19","5","30000"
"1","May","11","14","5","30000"
"1","June","20","15","5","30000"
"1","July","16","15","5","30000"
"1","August","8","20","5","30000"
"1","September","10","17","5","30000"
"1","October","1","19","5","30000"
"1","November","13","16","5","30000"
"1","December","13","10","5","30000"
"2","January","14","20","5","50000"
"2","February","20","14","5","50000"
"2","March","13","19","5","50000"
"2","April","3","18","5","50000"
"2","May","7","12","5","50000"
"2","June","6","20","5","50000"
"2","July","1","14","5","50000"
"2","August","9","16","5","50000"
"2","September","7","11","5","50000"
"2","October","1","19","5","50000"
"2","November","3","16","5","50000"
"2","December","7","18","5","50000"
"3","January","16","16","5","50000"
"3","February","5","10","5","50000"
"3","March","19","20","5","50000"
"3","April","15","17","5","50000"
"3","May","14","11","5","50000"
"3","June","7","20","5","50000"
"3","July","11","16","5","50000"
"3","August","17","19","5","50000"
"3","September","9","15","5","50000"
"3","October","1","10","5","50000"
"3","November","2","13","5","50000"
"3","December","14","12","5","50000"
"4","January","17","14","5","30000"
"4","February","2","14","5","30000"
"4","March","8","16","5","30000"
"4","April","12","10","5","30000"
"4","May","19","19","5","30000"
"4","June","16","20","5","30000"
"4","July","12","17","5","30000"
"4","August","4","12","5","30000"
"4","September","2","18","5","30000"
"4","October","17","16","5","30000"
"4","November","3","12","5","30000"
"4","December","18","13","5","30000"
"5","January","4","18","5","30000"
"5","February","7","20","5","30000"
"5","March","16","19","5","30000"
"5","April","10","14","5","30000"
"5","May","1","18","5","30000"
"5","June","5","11","5","30000"
"5","July","19","17","5","30000"
"5","August","20","14","5","30000"
"5","September","12","11","5","30000"
"5","October","15","12","5","30000"
"5","November","4","12","5","30000"
"5","December","14","14","5","30000"
"6","January","9","12","5","20000"
"6","February","20","19","5","20000"
"6","March","6","17","5","20000"
"6","April","2","14","5","20000"
"6","May","2","12","5","20000"
"6","June","7","10","5","20000"
"6","July","1","13","5","20000"
"6","August","7","11","5","20000"
"6","September","4","12","5","20000"
"6","October","12","18","5","20000"
"6","November","7","17","5","20000"
"6","December","5","17","5","20000"
"7","January","9","20","5","30000"
"7","February","19","20","5","30000"
"7","March","13","18","5","30000"
"7","April","0","10","5","30000"
"7","May","11","20","5","30000"
"7","June","17","20","5","30000"
"7","July","2","19","5","30000"
"7","August","12","11","5","30000"
"7","September","14","17","5","30000"
"7","October","20","17","5","30000"
"7","November","17","17","5","30000"
"7","December","20","20","5","30000"
"8","January","15","11","5","30000"
"8","February","12","14","5","30000"
"8","March","1","19","5","30000"
"8","April","20","10","5","30000"
"8","May","11","11","5","30000"
"8","June","1","17","5","30000"
"8","July","4","17","5","30000"
"8","August","18","16","5","30000"
"8","September","20","15","5","30000"
"8","October","9","16","5","30000"
"8","November","16","10","5","30000"
"8","December","3","19","5","30000"
"9","January","12","20","5","50000"
"9","February","3","20","5","50000"
"9","March","18","14","5","50000"
"9","April","7","12","5","50000"
"9","May","19","11","5","50000"
"9","June","1","10","5","50000"
"9","July","13","15","5","50000"
"9","August","9","14","5","50000"
"9","September","2","13","5","50000"
"9","October","11","20","5","50000"
"9","November","8","19","5","50000"
"9","December","8","10","5","50000"
"10","January","17","15","5","50000"
"10","February","18","13","5","50000"
"10","March","0","10","5","50000"
"10","April","17","17","5","50000"
"10","May","20","14","5","50000"
"10","June","4","10","5","50000"
"10","July","15","13","5","50000"
"10","August","3","16","5","50000"
"10","September","15","10","5","50000"
"10","October","5","13","5","50000"
"10","November","9","13","5","50000"
"10","December","5","18","5","50000"
"11","January","18","14","5","50000"
"11","February","20","13","5","50000"
"11","March","7","20","5","50000"
"11","April","4","18","5","50000"
"11","May","0","13","5","50000"
"11","June","4","17","5","50000"
"11","July","12","13","5","50000"
"11","August","10","16","5","50000"
"11","September","7","20","5","50000"
"11","October","8","15","5","50000"
"11","November","16","11","5","50000"
"11","December","0","14","5","50000"
"12","January","19","18","5","20000"
"12","February","8","15","5","20000"
"12","March","10","17","5","20000"
"12","April","8","11","5","20000"
"12","May","3","17","5","20000"
"12","June","20","12","5","20000"
"12","July","18","16","5","20000"
"12","August","12","16","5","20000"
"12","September","17","10","5","20000"
"12","October","8","16","5","20000"
"12","November","19","12","5","20000"
"12","December","5","17","5","20000"
"13","January","7","20","5","50000"
"13","February","16","19","5","50000"
"13","March","20","14","5","50000"
"13","April","18","15","5","50000"
"13","May","20","18","5","50000"
"13","June","1","10","5","50000"
"13","July","4","14","5","50000"
"13","August","6","17","5","50000"
"13","September","3","13","5","50000"
"13","October","20","20","5","50000"
"13","November","5","19","5","50000"
"13","December","2","20","5","50000"
"14","January","9","18","5","30000"
"14","February","5","11","5","30000"
"14","March","3","18","5","30000"
"14","April","17","13","5","30000"
"14","May","0","13","5","30000"
"14","June","12","12","5","30000"
"14","July","4","12","5","30000"
"14","August","12","15","5","30000"
"14","September","15","12","5","30000"
"14","October","11","14","5","30000"
"14","November","3","14","5","30000"
"14","December","18","11","5","30000"
"15","January","0","20","5","50000"
"15","February","13","16","5","50000"
"15","March","1","15","5","50000"
"15","April","12","17","5","50000"
"15","May","19","15","5","50000"
"15","June","2","19","5","50000"
"15","July","18","19","5","50000"
"15","August","13","16","5","50000"
"15","September","15","10","5","50000"
"15","October","17","13","5","50000"
"15","November","8","12","5","50000"
"15","December","1","16","5","50000"
"16","January","18","20","5","30000"
"16","February","16","13","5","30000"
"16","March","18","13","5","30000"
"16","April","4","16","5","30000"
"16","May","12","10","5","30000"
"16","June","18","20","5","30000"
"16","July","6","15","5","30000"
"16","August","16","11","5","30000"
"16","September","14","11","5","30000"
"16","October","1","18","5","30000"
"16","November","15","13","5","30000"
"16","December","19","11","5","30000"
"17","January","9","18","5","30000"
"17","February","16","17","5","30000"
"17","March","5","17","5","30000"
"17","April","13","20","5","30000"
"17","May","18","10","5","30000"
"17","June","18","19","5","30000"
"17","July","17","17","5","30000"
"17","August","14","12","5","30000"
"17","September","12","10","5","30000"
"17","October","8","11","5","30000"
"17","November","1","20","5","30000"
"17","December","16","16","5","30000"
"18","January","20","13","5","30000"
"18","February","14","16","5","30000"
"18","March","10","18","5","30000"
"18","April","0","15","5","30000"
"18","May","13","15","5","30000"
"18","June","7","18","5","30000"
"18","July","0","18","5","30000"
"18","August","4","11","5","30000"
"18","September","9","17","5","30000"
"18","October","1","17","5","30000"
"18","November","16","11","5","30000"
"18","December","2","14","5","30000"
"19","January","1","11","5","50000"
"19","February","10","20","5","50000"
"19","March","12","14","5","50000"
"19","April","8","18","5","50000"
"19","May","15","17","5","50000"
"19","June","10","14","5","50000"
"19","July","16","10","5","50000"
"19","August","12","20","5","50000"
"19","September","9","12","5","50000"
"19","October","1","12","5","50000"
"19","November","19","11","5","50000"
"19","December","3","18","5","50000"
"20","January","8","17","5","20000"
"20","February","2","11","5","20000"
"20","March","14","13","5","20000"
"20","April","16","19","5","20000"
"20","May","7","14","5","20000"
"20","June","12","14","5","20000"
"20","July","0","14","5","20000"
"20","August","4","10","5","20000"
"20","September","16","20","5","20000"
"20","October","17","19","5","20000"
"20","November","4","15","5","20000"
"20","December","1","19","5","20000"
"21","January","0","10","5","50000"
"21","February","13","13","5","50000"
"21","March","0","14","5","50000"
"21","April","14","10","5","50000"
"21","May","10","14","5","50000"
"21","June","8","17","5","50000"
"21","July","7","10","5","50000"
"21","August","9","19","5","50000"
"21","September","11","12","5","50000"
"21","October","9","13","5","50000"
"21","November","20","15","5","50000"
"21","December","4","15","5","50000"
"22","January","4","19","5","20000"
"22","February","8","14","5","20000"
"22","March","12","10","5","20000"
"22","April","16","19","5","20000"
"22","May","7","13","5","20000"
"22","June","0","12","5","20000"
"22","July","7","13","5","20000"
"22","August","8","13","5","20000"
"22","September","10","11","5","20000"
"22","October","1","14","5","20000"
"22","November","5","20","5","20000"
"22","December","15","16","5","20000"
"23","January","17","18","5","50000"
"23","February","9","13","5","50000"
"23","March","2","17","5","50000"
"23","April","3","12","5","50000"
"23","May","16","16","5","50000"
"23","June","6","17","5","50000"
"23","July","6","15","5","50000"
"23","August","18","20","5","50000"
"23","September","12","11","5","50000"
"23","October","18","12","5","50000"
"23","November","17","15","5","50000"
"23","December","13","15","5","50000"
"24","January","3","19","5","30000"
"24","February","17","19","5","30000"
"24","March","14","19","5","30000"
"24","April","9","14","5","30000"
"24","May","5","17","5","30000"
"24","June","12","10","5","30000"
"24","July","5","12","5","30000"
"24","August","1","13","5","30000"
"24","September","8","12","5","30000"
"24","October","5","19","5","30000"
"24","November","2","17","5","30000"
"24","December","6","15","5","30000"
"25","January","12","18","5","50000"
"25","February","13","19","5","50000"
"25","March","7","20","5","50000"
"25","April","20","11","5","50000"
"25","May","2","16","5","50000"
"25","June","1","15","5","50000"
"25","July","5","20","5","50000"
"25","August","7","19","5","50000"
"25","September","10","19","5","50000"
"25","October","4","14","5","50000"
"25","November","20","16","5","50000"
"25","December","3","16","5","50000"
"26","January","7","20","5","50000"
"26","February","3","10","5","50000"
"26","March","11","13","5","50000"
"26","April","17","20","5","50000"
"26","May","15","15","5","50000"
"26","June","19","12","5","50000"
"26","July","15","12","5","50000"
"26","August","13","17","5","50000"
"26","September","3","15","5","50000"
"26","October","14","17","5","50000"
"26","November","17","13","5","50000"
"26","December","7","15","5","50000"
"27","January","17","11","5","50000"
"27","February","16","20","5","50000"
"27","March","5","10","5","50000"
"27","April","14","19","5","50000"
"27","May","13","12","5","50000"
"27","June","16","14","5","50000"
"27","July","20","20","5","50000"
"27","August","0","10","5","50000"
"27","September","14","13","5","50000"
"27","October","16","18","5","50000"
"27","November","9","12","5","50000"
"27","December","2","20","5","50000"
"28","January","17","13","5","20000"
"28","February","20","14","5","20000"
"28","March","15","19","5","20000"
"28","April","0","17","5","20000"
"28","May","12","15","5","20000"
"28","June","16","15","5","20000"
"28","July","8","19","5","20000"
"28","August","2","16","5","20000"
"28","September","3","10","5","20000"
"28","October","0","12","5","20000"
"28","November","5","12","5","20000"
"28","December","10","14","5","20000"
"29","January","18","14","5","30000"
"29","February","3","20","5","30000"
"29","March","6","12","5","30000"
"29","April","14","10","5","30000"
"29","May","10","18","5","30000"
"29","June","19","14","5","30000"
"29","July","10","12","5","30000"
"29","August","7","14","5","30000"
"29","September","2","10","5","30000"
"29","October","3","19","5","30000"
"29","November","17","10","5","30000"
"29","December","12","20","5","30000"
"30","January","14","19","5","50000"
"30","February","12","14","5","50000"
"30","March","13","18","5","50000"
"30","April","3","19","5","50000"
"30","May","18","18","5","50000"
"30","June","8","19","5","50000"
"30","July","12","12","5","50000"
"30","August","13","15","5","50000"
"30","September","13","18","5","50000"
"30","October","1","11","5","50000"
"30","November","20","18","5","50000"
"30","December","13","11","5","50000"
"31","January","8","14","5","50000"
"31","February","16","14","5","50000"
"31","March","17","12","5","50000"
"31","April","3","16","5","50000"
"31","May","7","19","5","50000"
"31","June","4","14","5","50000"
"31","July","9","13","5","50000"
"31","August","4","12","5","50000"
"31","September","2","19","5","50000"
"31","October","7","20","5","50000"
"31","November","8","11","5","50000"
"31","December","16","17","5","50000"
"32","January","8","12","5","50000"
"32","February","17","19","5","50000"
"32","March","7","12","5","50000"
"32","April","5","13","5","50000"
"32","May","8","16","5","50000"
"32","June","8","12","5","50000"
"32","July","12","15","5","50000"
"32","August","13","15","5","50000"
"32","September","14","10","5","50000"
"32","October","11","18","5","50000"
"32","November","4","12","5","50000"
"32","December","3","19","5","50000"
"33","January","5","17","5","30000"
"33","February","7","11","5","30000"
"33","March","15","15","5","30000"
"33","April","9","18","5","30000"
"33","May","2","14","5","30000"
"33","June","20","13","5","30000"
"33","July","1","17","5","30000"
"33","August","4","11","5","30000"
"33","September","4","11","5","30000"
"33","October","12","10","5","30000"
"33","November","13","20","5","30000"
"33","December","7","18","5","30000"
"34","January","17","12","5","20000"
"34","February","15","13","5","20000"
"34","March","20","13","5","20000"
"34","April","14","18","5","20000"
"34","May","5","15","5","20000"
"34","June","7","12","5","20000"
"34","July","3","12","5","20000"
"34","August","11","16","5","20000"
"34","September","7","20","5","20000"
"34","October","12","13","5","20000"
"34","November","6","12","5","20000"
"34","December","12","13","5","20000"
"35","January","16","20","5","50000"
"35","February","6","13","5","50000"
"35","March","11","10","5","50000"
"35","April","10","14","5","50000"
"35","May","18","15","5","50000"
"35","June","10","11","5","50000"
"35","July","5","17","5","50000"
"35","August","9","16","5","50000"
"35","September","2","16","5","50000"
"35","October","12","10","5","50000"
"35","November","10","10","5","50000"
"35","December","16","13","5","50000"
"36","January","11","20","5","30000"
"36","February","13","16","5","30000"
"36","March","4","15","5","30000"
"36","April","19","19","5","30000"
"36","May","16","11","5","30000"
"36","June","11","14","5","30000"
"36","July","16","15","5","30000"
"36","August","11","11","5","30000"
"36","September","14","15","5","30000"
"36","October","2","10","5","30000"
"36","November","17","18","5","30000"
"36","December","16","20","5","30000"
"37","January","2","11","5","50000"
"37","February","9","16","5","50000"
"37","March","16","15","5","50000"
"37","April","5","14","5","50000"
"37","May","18","18","5","50000"
"37","June","15","17","5","50000"
"37","July","15","10","5","50000"
"37","August","19","16","5","50000"
"37","September","12","12","5","50000"
"37","October","13","11","5","50000"
"37","November","9","11","5","50000"
"37","December","8","10","5","50000"
"38","January","2","14","5","50000"
"38","February","15","15","5","50000"
"38","March","13","10","5","50000"
"38","April","4","17","5","50000"
"38","May","12","20","5","50000"
"38","June","3","19","5","50000"
"38","July","20","14","5","50000"
"38","August","14","20","5","50000"
"38","September","19","15","5","50000"
"38","October","0","13","5","50000"
"38","November","13","11","5","50000"
"38","December","13","15","5","50000"
"39","January","17","20","5","50000"
"39","February","7","14","5","50000"
"39","March","7","16","5","50000"
"39","April","4","15","5","50000"
"39","May","18","16","5","50000"
"39","June","3","19","5","50000"
"39","July","10","12","5","50000"
"39","August","16","18","5","50000"
"39","September","9","15","5","50000"
"39","October","1","15","5","50000"
"39","November","18","19","5","50000"
"39","December","4","15","5","50000"
"40","January","6","13","5","50000"
"40","February","0","20","5","50000"
"40","March","20","15","5","50000"
"40","April","10","13","5","50000"
"40","May","3","13","5","50000"
"40","June","5","14","5","50000"
"40","July","1","13","5","50000"
"40","August","8","13","5","50000"
"40","September","17","19","5","50000"
"40","October","14","11","5","50000"
"40","November","15","14","5","50000"
"40","December","14","15","5","50000"
"41","January","2","15","5","30000"
"41","February","4","12","5","30000"
"41","March","20","14","5","30000"
"41","April","3","17","5","30000"
"41","May","10","20","5","30000"
"41","June","15","17","5","30000"
"41","July","11","10","5","30000"
"41","August","7","10","5","30000"
"41","September","4","12","5","30000"
"41","October","6","13","5","30000"
"41","November","6","20","5","30000"
"41","December","15","13","5","30000"
"42","January","7","10","5","30000"
"42","February","10","19","5","30000"
"42","March","20","16","5","30000"
"42","April","3","20","5","30000"
"42","May","18","12","5","30000"
"42","June","3","18","5","30000"
"42","July","2","16","5","30000"
"42","August","15","15","5","30000"
"42","September","0","12","5","30000"
"42","October","7","11","5","30000"
"42","November","12","15","5","30000"
"42","December","12","17","5","30000"
"43","January","2","13","5","30000"
"43","February","12","16","5","30000"
"43","March","20","19","5","30000"
"43","April","0","16","5","30000"
"43","May","3","13","5","30000"
"43","June","10","20","5","30000"
"43","July","7","11","5","30000"
"43","August","16","18","5","30000"
"43","September","9","14","5","30000"
"43","October","6","17","5","30000"
"43","November","15","16","5","30000"
"43","December","0","20","5","30000"
"44","January","10","17","5","50000"
"44","February","8","13","5","50000"
"44","March","13","19","5","50000"
"44","April","1","14","5","50000"
"44","May","5","18","5","50000"
"44","June","10","16","5","50000"
"44","July","0","14","5","50000"
"44","August","11","10","5","50000"
"44","September","4","16","5","50000"
"44","October","14","11","5","50000"
"44","November","14","18","5","50000"
"44","December","7","12","5","50000"
"45","January","14","20","5","50000"
"45","February","7","13","5","50000"
"45","March","11","19","5","50000"
"45","April","8","10","5","50000"
"45","May","18","11","5","50000"
"45","June","13","11","5","50000"
"45","July","8","17","5","50000"
"45","August","5","19","5","50000"
"45","September","15","12","5","50000"
"45","October","13","19","5","50000"
"45","November","9","12","5","50000"
"45","December","17","17","5","50000"
"46","January","4","18","5","30000"
"46","February","14","10","5","30000"
"46","March","17","15","5","30000"
"46","April","19","11","5","30000"
"46","May","3","11","5","30000"
"46","June","1","13","5","30000"
"46","July","9","17","5","30000"
"46","August","19","18","5","30000"
"46","September","7","17","5","30000"
"46","October","3","19","5","30000"
"46","November","17","16","5","30000"
"46","December","1","11","5","30000"
"47","January","6","16","5","30000"
"47","February","15","20","5","30000"
"47","March","19","14","5","30000"
"47","April","8","10","5","30000"
"47","May","19","12","5","30000"
"47","June","9","13","5","30000"
"47","July","0","19","5","30000"
"47","August","8","20","5","30000"
"47","September","12","14","5","30000"
"47","October","1","10","5","30000"
"47","November","1","11","5","30000"
"47","December","2","11","5","30000"
"48","January","2","18","5","30000"
"48","February","11","10","5","30000"
"48","March","5","16","5","30000"
"48","April","4","11","5","30000"
"48","May","12","12","5","30000"
"48","June","5","17","5","30000"
"48","July","18","15","5","30000"
"48","August","20","12","5","30000"
"48","September","13","20","5","30000"
"48","October","3","16","5","30000"
"48","November","10","14","5","30000"
"48","December","7","14","5","30000"
"49","January","11","13","5","20000"
"49","February","12","12","5","20000"
"49","March","8","15","5","20000"
"49","April","19","10","5","20000"
"49","May","16","10","5","20000"
"49","June","18","10","5","20000"
"49","July","10","15","5","20000"
"49","August","10","18","5","20000"
"49","September","13","19","5","20000"
"49","October","19","11","5","20000"
"49","November","5","14","5","20000"
"49","December","20","17","5","20000"
"50","January","6","15","5","30000"
"50","February","0","15","5","30000"
"50","March","10","12","5","30000"
"50","April","0","20","5","30000"
"50","May","1","19","5","30000"
"50","June","3","19","5","30000"
"50","July","18","19","5","30000"
"50","August","20","19","5","30000"
"50","September","13","18","5","30000"
"50","October","16","19","5","30000"
"50","November","19","18","5","30000"
"50","December","9","17","5","30000"
"51","January","12","18","5","50000"
"51","February","9","15","5","50000"
"51","March","11","11","5","50000"
"51","April","18","19","5","50000"
"51","May","10","15","5","50000"
"51","June","1","14","5","50000"
"51","July","0","13","5","50000"
"51","August","19","16","5","50000"
"51","September","1","17","5","50000"
"51","October","13","18","5","50000"
"51","November","13","10","5","50000"
"51","December","13","11","5","50000"
"52","January","8","13","5","50000"
"52","February","0","19","5","50000"
"52","March","15","14","5","50000"
"52","April","15","17","5","50000"
"52","May","19","19","5","50000"
"52","June","19","20","5","50000"
"52","July","19","16","5","50000"
"52","August","4","17","5","50000"
"52","September","17","14","5","50000"
"52","October","2","17","5","50000"
"52","November","14","19","5","50000"
"52","December","14","18","5","50000"
"53","January","6","20","5","30000"
"53","February","6","12","5","30000"
"53","March","9","12","5","30000"
"53","April","9","12","5","30000"
"53","May","2","18","5","30000"
"53","June","13","12","5","30000"
"53","July","8","18","5","30000"
"53","August","19","16","5","30000"
"53","September","9","18","5","30000"
"53","October","5","18","5","30000"
"53","November","12","17","5","30000"
"53","December","12","18","5","30000"
"54","January","20","14","5","30000"
"54","February","17","10","5","30000"
"54","March","9","12","5","30000"
"54","April","1","20","5","30000"
"54","May","15","10","5","30000"
"54","June","1","11","5","30000"
"54","July","20","16","5","30000"
"54","August","0","12","5","30000"
"54","September","11","16","5","30000"
"54","October","14","10","5","30000"
"54","November","16","18","5","30000"
"54","December","17","18","5","30000"
"55","January","2","12","5","50000"
"55","February","20","19","5","50000"
"55","March","16","13","5","50000"
"55","April","7","14","5","50000"
"55","May","4","12","5","50000"
"55","June","11","15","5","50000"
"55","July","20","12","5","50000"
"55","August","3","14","5","50000"
"55","September","14","17","5","50000"
"55","October","9","13","5","50000"
"55","November","11","14","5","50000"
"55","December","8","20","5","50000"
"56","January","12","15","5","30000"
"56","February","19","13","5","30000"
"56","March","16","10","5","30000"
"56","April","17","17","5","30000"
"56","May","14","17","5","30000"
"56","June","4","19","5","30000"
"56","July","20","13","5","30000"
"56","August","3","17","5","30000"
"56","September","16","16","5","30000"
"56","October","15","12","5","30000"
"56","November","0","19","5","30000"
"56","December","17","10","5","30000"
"57","January","20","16","5","30000"
"57","February","12","13","5","30000"
"57","March","2","14","5","30000"
"57","April","19","16","5","30000"
"57","May","10","10","5","30000"
"57","June","2","12","5","30000"
"57","July","3","17","5","30000"
"57","August","10","19","5","30000"
"57","September","16","20","5","30000"
"57","October","10","16","5","30000"
"57","November","7","18","5","30000"
"57","December","10","20","5","30000"
"58","January","6","10","5","30000"
"58","February","16","11","5","30000"
"58","March","7","20","5","30000"
"58","April","14","14","5","30000"
"58","May","5","13","5","30000"
"58","June","9","18","5","30000"
"58","July","16","13","5","30000"
"58","August","15","10","5","30000"
"58","September","16","18","5","30000"
"58","October","6","19","5","30000"
"58","November","18","10","5","30000"
"58","December","18","13","5","30000"
"59","January","15","20","5","30000"
"59","February","7","13","5","30000"
"59","March","5","16","5","30000"
"59","April","11","20","5","30000"
"59","May","17","18","5","30000"
"59","June","7","15","5","30000"
"59","July","9","10","5","30000"
"59","August","9","17","5","30000"
"59","September","2","15","5","30000"
"59","October","11","13","5","30000"
"59","November","17","20","5","30000"
"59","December","8","16","5","30000"
"60","January","13","13","5","30000"
"60","February","4","15","5","30000"
"60","March","13","15","5","30000"
"60","April","16","10","5","30000"
"60","May","14","17","5","30000"
"60","June","15","14","5","30000"
"60","July","15","11","5","30000"
"60","August","11","12","5","30000"
"60","September","9","17","5","30000"
"60","October","5","19","5","30000"
"60","November","6","11","5","30000"
"60","December","10","15","5","30000"
"61","January","9","18","5","30000"
"61","February","12","11","5","30000"
"61","March","5","16","5","30000"
"61","April","6","20","5","30000"
"61","May","14","10","5","30000"
"61","June","17","14","5","30000"
"61","July","4","20","5","30000"
"61","August","15","15","5","30000"
"61","September","6","10","5","30000"
"61","October","2","18","5","30000"
"61","November","15","14","5","30000"
"61","December","18","12","5","30000"
"62","January","8","13","5","50000"
"62","February","2","19","5","50000"
"62","March","17","17","5","50000"
"62","April","20","12","5","50000"
"62","May","8","12","5","50000"
"62","June","7","20","5","50000"
"62","July","20","15","5","50000"
"62","August","11","12","5","50000"
"62","September","5","12","5","50000"
"62","October","0","15","5","50000"
"62","November","4","11","5","50000"
"62","December","19","20","5","50000"
"63","January","16","14","5","30000"
"63","February","2","19","5","30000"
"63","March","17","18","5","30000"
"63","April","8","10","5","30000"
"63","May","14","19","5","30000"
"63","June","10","12","5","30000"
"63","July","16","17","5","30000"
"63","August","12","16","5","30000"
"63","September","1","20","5","30000"
"63","October","15","13","5","30000"
"63","November","16","16","5","30000"
"63","December","8","12","5","30000"
"64","January","2","17","5","50000"
"64","February","16","12","5","50000"
"64","March","20","14","5","50000"
"64","April","9","14","5","50000"
"64","May","3","20","5","50000"
"64","June","4","11","5","50000"
"64","July","8","19","5","50000"
"64","August","12","18","5","50000"
"64","September","15","14","5","50000"
"64","October","14","15","5","50000"
"64","November","2","10","5","50000"
"64","December","10","14","5","50000"
"65","January","8","20","5","50000"
"65","February","17","15","5","50000"
"65","March","2","14","5","50000"
"65","April","0","15","5","50000"
"65","May","0","14","5","50000"
"65","June","1","19","5","50000"
"65","July","9","16","5","50000"
"65","August","7","14","5","50000"
"65","September","4","13","5","50000"
"65","October","12","10","5","50000"
"65","November","18","18","5","50000"
"65","December","11","11","5","50000"
"66","January","5","12","5","30000"
"66","February","4","19","5","30000"
"66","March","12","12","5","30000"
"66","April","12","12","5","30000"
"66","May","19","12","5","30000"
"66","June","0","14","5","30000"
"66","July","8","10","5","30000"
"66","August","0","11","5","30000"
"66","September","20","20","5","30000"
"66","October","12","20","5","30000"
"66","November","6","15","5","30000"
"66","December","0","11","5","30000"
"67","January","13","17","5","30000"
"67","February","6","16","5","30000"
"67","March","12","17","5","30000"
"67","April","0","18","5","30000"
"67","May","19","14","5","30000"
"67","June","5","13","5","30000"
"67","July","0","19","5","30000"
"67","August","19","14","5","30000"
"67","September","2","13","5","30000"
"67","October","12","19","5","30000"
"67","November","3","16","5","30000"
"67","December","3","18","5","30000"
"68","January","11","19","5","30000"
"68","February","11","16","5","30000"
"68","March","20","15","5","30000"
"68","April","3","15","5","30000"
"68","May","2","14","5","30000"
"68","June","1","11","5","30000"
"68","July","8","13","5","30000"
"68","August","0","10","5","30000"
"68","September","0","11","5","30000"
"68","October","15","11","5","30000"
"68","November","4","20","5","30000"
"68","December","18","17","5","30000"
"69","January","2","20","5","50000"
"69","February","6","16","5","50000"
"69","March","4","11","5","50000"
"69","April","10","20","5","50000"
"69","May","18","15","5","50000"
"69","June","17","12","5","50000"
"69","July","10","14","5","50000"
"69","August","4","18","5","50000"
"69","September","18","11","5","50000"
"69","October","6","12","5","50000"
"69","November","3","20","5","50000"
"69","December","14","13","5","50000"
"70","January","12","17","5","20000"
"70","February","5","17","5","20000"
"70","March","20","20","5","20000"
"70","April","4","13","5","20000"
"70","May","19","11","5","20000"
"70","June","11","15","5","20000"
"70","July","17","14","5","20000"
"70","August","13","11","5","20000"
"70","September","16","11","5","20000"
"70","October","14","14","5","20000"
"70","November","11","16","5","20000"
"70","December","10","15","5","20000"
"71","January","13","17","5","30000"
"71","February","20","20","5","30000"
"71","March","12","14","5","30000"
"71","April","12","10","5","30000"
"71","May","8","10","5","30000"
"71","June","11","20","5","30000"
"71","July","19","18","5","30000"
"71","August","12","14","5","30000"
"71","September","16","19","5","30000"
"71","October","1","16","5","30000"
"71","November","13","12","5","30000"
"71","December","6","19","5","30000"
"72","January","15","11","5","50000"
"72","February","12","17","5","50000"
"72","March","16","10","5","50000"
"72","April","10","13","5","50000"
"72","May","9","19","5","50000"
"72","June","10","18","5","50000"
"72","July","12","20","5","50000"
"72","August","18","12","5","50000"
"72","September","14","19","5","50000"
"72","October","13","12","5","50000"
"72","November","16","18","5","50000"
"72","December","9","13","5","50000"
"73","January","17","12","5","50000"
"73","February","16","17","5","50000"
"73","March","11","10","5","50000"
"73","April","10","20","5","50000"
"73","May","13","16","5","50000"
"73","June","6","13","5","50000"
"73","July","5","14","5","50000"
"73","August","18","17","5","50000"
"73","September","11","11","5","50000"
"73","October","1","14","5","50000"
"73","November","4","14","5","50000"
"73","December","4","20","5","50000"
"74","January","6","19","5","50000"
"74","February","2","10","5","50000"
"74","March","5","13","5","50000"
"74","April","1","12","5","50000"
"74","May","0","14","5","50000"
"74","June","10","19","5","50000"
"74","July","17","20","5","50000"
"74","August","7","19","5","50000"
"74","September","5","20","5","50000"
"74","October","20","19","5","50000"
"74","November","14","18","5","50000"
"74","December","5","18","5","50000"
"75","January","11","12","5","50000"
"75","February","18","16","5","50000"
"75","March","6","12","5","50000"
"75","April","0","11","5","50000"
"75","May","7","13","5","50000"
"75","June","7","17","5","50000"
"75","July","9","13","5","50000"
"75","August","15","10","5","50000"
"75","September","7","20","5","50000"
"75","October","5","16","5","50000"
"75","November","0","11","5","50000"
"75","December","1","15","5","50000"
"76","January","7","10","5","50000"
"76","February","9","15","5","50000"
"76","March","10","20","5","50000"
"76","April","10","16","5","50000"
"76","May","0","17","5","50000"
"76","June","1","19","5","50000"
"76","July","6","14","5","50000"
"76","August","20","17","5","50000"
"76","September","11","16","5","50000"
"76","October","19","20","5","50000"
"76","November","1","15","5","50000"
"76","December","7","14","5","50000"
"77","January","0","19","5","20000"
"77","February","8","18","5","20000"
"77","March","4","15","5","20000"
"77","April","12","14","5","20000"
"77","May","7","15","5","20000"
"77","June","2","10","5","20000"
"77","July","19","14","5","20000"
"77","August","15","17","5","20000"
"77","September","0","19","5","20000"
"77","October","12","11","5","20000"
"77","November","4","18","5","20000"
"77","December","4","15","5","20000"
"78","January","14","19","5","30000"
"78","February","6","14","5","30000"
"78","March","13","20","5","30000"
"78","April","15","15","5","30000"
"78","May","2","17","5","30000"
"78","June","8","16","5","30000"
"78","July","20","15","5","30000"
"78","August","8","16","5","30000"
"78","September","11","19","5","30000"
"78","October","18","14","5","30000"
"78","November","1","10","5","30000"
"78","December","17","15","5","30000"
"79","January","7","13","5","50000"
"79","February","6","17","5","50000"
"79","March","19","12","5","50000"
"79","April","2","20","5","50000"
"79","May","17","16","5","50000"
"79","June","12","18","5","50000"
"79","July","0","20","5","50000"
"79","August","16","19","5","50000"
"79","September","0","17","5","50000"
"79","October","1","13","5","50000"
"79","November","19","15","5","50000"
"79","December","18","15","5","50000"
"80","January","1","14","5","30000"
"80","February","9","11","5","30000"
"80","March","20","10","5","30000"
"80","April","0","15","5","30000"
"80","May","4","17","5","30000"
"80","June","18","15","5","30000"
"80","July","0","20","5","30000"
"80","August","8","16","5","30000"
"80","September","11","18","5","30000"
"80","October","0","14","5","30000"
"80","November","19","11","5","30000"
"80","December","9","14","5","30000"
"81","January","19","15","5","30000"
"81","February","3","13","5","30000"
"81","March","19","16","5","30000"
"81","April","8","19","5","30000"
"81","May","15","10","5","30000"
"81","June","17","12","5","30000"
"81","July","12","12","5","30000"
"81","August","4","14","5","30000"
"81","September","2","14","5","30000"
"81","October","8","12","5","30000"
"81","November","7","20","5","30000"
"81","December","16","18","5","30000"
"82","January","9","11","5","20000"
"82","February","2","13","5","20000"
"82","March","9","15","5","20000"
"82","April","15","18","5","20000"
"82","May","13","19","5","20000"
"82","June","17","14","5","20000"
"82","July","6","17","5","20000"
"82","August","2","16","5","20000"
"82","September","10","12","5","20000"
"82","October","9","16","5","20000"
"82","November","3","10","5","20000"
"82","December","5","10","5","20000"
"83","January","5","14","5","30000"
"83","February","5","18","5","30000"
"83","March","14","18","5","30000"
"83","April","13","19","5","30000"
"83","May","4","10","5","30000"
"83","June","17","15","5","30000"
"83","July","15","14","5","30000"
"83","August","11","10","5","30000"
"83","September","2","11","5","30000"
"83","October","18","19","5","30000"
"83","November","12","17","5","30000"
"83","December","17","17","5","30000"
"84","January","5","12","5","20000"
"84","February","8","17","5","20000"
"84","March","6","15","5","20000"
"84","April","12","19","5","20000"
