Employee_id,Employee_Name,Shift_id,Department_id,Address,Country_name,Qualification,DOB,Since
1,Kenny,2,1,470 School Park,INDIA,G12,17-05-1994,2000
2,Mercy,4,8,84462 Loftsgordon Parkway,INDIA,G10,20-09-1973,2010
3,Lou,3,2,7 Bluestem Way,INDIA,MSc,20-11-1970,1990
4,Rosana,1,9,627 Oxford Avenue,INDIA,BSc,27-02-1989,1988
5,Margette,5,4,66568 3rd Hill,INDIA,BSc,27-06-1968,2011
6,Dalston,2,1,21 Golden Leaf Drive,INDIA,G10,17-04-1976,2006
7,Orlando,2,1,3 Lerdahl Circle,INDIA,BSc,08-11-1979,2005
8,Winnie,3,10,31 Fairview Avenue,INDIA,MSc,31-05-1979,1997
9,Stacey,5,10,21396 Springview Way,INDIA,G12,30-01-1986,2009
10,Bella,5,7,4359 Brentwood Circle,INDIA,MSc,07-08-1982,1995
11,Theodor,2,9,804 Butterfield Court,INDIA,G12,19-01-1990,2011
12,Ema,5,5,19041 Hayes Plaza,INDIA,G10,29-04-1969,2003
13,Nicky,4,2,520 Hansons Drive,INDIA,G12,02-11-1963,1993
14,Teresita,3,10,55434 Bay Avenue,INDIA,G12,06-10-1990,1999
15,Katherine,2,3,51 Jackson Point,INDIA,G12,09-09-1988,1995
16,Krystle,1,1,2661 Melby Alley,INDIA,MSc,24-05-1975,2012
17,Reeva,5,3,270 Hoffman Plaza,INDIA,G12,03-12-1976,2001
18,Anderea,4,4,6 Del Sol Parkway,INDIA,BSc,24-10-1988,2007
19,Eleonora,5,7,24493 Tennyson Parkway,INDIA,MSc,25-01-1974,1967
20,Hanni,5,8,12769 Spenser Hill,INDIA,BSc,28-06-1961,1998
21,Inna,1,10,22 Twin Pines Hill,INDIA,G12,21-04-1962,1993
22,Clareta,2,6,7 Lakewood Way,INDIA,MSc,10-06-1974,2011
23,Zeb,1,5,183 Killdeer Terrace,INDIA,G10,19-07-1988,2001
24,Jenelle,1,5,399 Doe Crossing Circle,INDIA,BSc,13-05-1971,1985
25,Kristoffer,2,7,03198 Killdeer Trail,INDIA,BSc,07-09-1972,2008
26,Vitoria,3,6,574 Macpherson Alley,INDIA,G10,01-08-1962,2001
27,Dexter,4,6,751 Ridgeway Road,INDIA,G10,11-12-1967,1998
28,Garv,5,4,44 Thompson Trail,INDIA,G12,16-08-1995,1999
29,Emyle,5,2,20 Colorado Street,INDIA,G12,15-10-1990,1993
30,Rici,1,4,1 Dennis Parkway,INDIA,BSc,12-03-1965,1994
31,Georgie,1,9,0 Moulton Terrace,INDIA,MSc,17-08-1967,1987
32,Obadias,3,10,7549 Comanche Pass,INDIA,MSc,08-05-1977,1993
33,Anica,4,6,02696 Elka Crossing,INDIA,G12,26-01-1975,2002
34,Carolynn,4,10,04 Homewood Center,INDIA,MSc,09-08-1990,1988
35,Ralina,3,10,34 Fisk Alley,INDIA,BSc,15-06-1963,2008
36,Janek,1,5,1338 Talmadge Drive,INDIA,G10,23-10-1970,2008
37,Brandise,1,9,46 Utah Pass,INDIA,G10,19-06-1967,2007
38,Stefania,5,3,834 Thompson Drive,INDIA,BSc,06-02-1972,1992
39,Fredric,5,7,56 Melrose Plaza,INDIA,G10,01-10-1982,1996
40,Olympia,4,4,655 Schiller Pass,INDIA,BSc,09-06-1993,1967
41,Godart,3,8,5 Straubel Trail,INDIA,BSc,10-11-1992,2002
42,Fidelio,4,1,4007 Cambridge Lane,INDIA,MSc,14-07-1981,2006
43,Simonne,4,7,356 Clarendon Street,INDIA,G10,26-02-1969,1989
44,Bobbe,4,7,324 Mosinee Circle,INDIA,G10,04-11-1985,2005
45,Conrad,5,2,83 Butterfield Circle,INDIA,BSc,09-01-1983,1989
46,Petunia,4,1,32967 Moland Plaza,INDIA,MSc,03-02-1978,1996
47,Tedd,2,2,4 Anderson Pass,INDIA,MSc,30-11-1980,2001
48,Jasmin,1,1,425 Karstens Lane,INDIA,MSc,01-12-1965,2013
49,Evanne,1,7,2529 Birchwood Way,INDIA,BSc,11-02-1988,2008
50,Olimpia,1,1,21451 Corben Way,INDIA,G10,10-11-1994,2008
51,Murial,3,9,9 Superior Trail,INDIA,MSc,08-12-1977,1990
53,Cullan,5,3,10 Riverside Pass,INDIA,MSc,02-07-1966,2009
54,Jon,3,6,91 Center Junction,INDIA,G12,18-09-1961,2008
55,Mason,4,9,1 Kedzie Parkway,INDIA,MSc,04-02-1973,1999
56,Hyacinthe,2,6,315 Michigan Center,INDIA,MSc,13-05-1970,2011
57,Karine,3,2,308 Carey Center,INDIA,G10,31-01-1993,2006
58,Stevie,4,10,31415 Lawn Crossing,INDIA,G10,02-02-1961,2010
59,Lianne,1,7,19310 Loeprich Lane,INDIA,G10,23-01-1985,2011
60,Morty,4,6,19100 Hollow Ridge Hill,INDIA,BSc,22-09-1991,1995
61,Noam,4,10,9 Scofield Hill,INDIA,MSc,08-06-1961,1995
62,Sansone,4,7,7035 Starling Pass,INDIA,BSc,30-03-1970,2003
63,Averyl,1,4,0 Pond Plaza,INDIA,MSc,06-10-1981,1995
64,Ferne,1,2,8542 Buena Vista Junction,INDIA,MSc,26-03-1995,1990
65,Consolata,4,3,3538 Twin Pines Road,INDIA,MSc,24-02-1992,2012
66,Lemar,5,3,21 Golden Leaf Center,INDIA,BSc,17-10-1981,2008
67,Rafe,1,7,5293 Welch Road,INDIA,G12,14-03-1976,2000
68,Cathrine,1,8,73 Novick Junction,INDIA,BSc,26-11-1980,2006
69,Alex,3,5,46 Hanover Park,INDIA,G12,05-03-1982,1997
70,Beatrice,5,5,5787 Nova Crossing,INDIA,G12,25-09-1965,2009
71,Claudius,5,4,7 Duke Center,INDIA,G12,07-02-1978,2004
72,Jamaal,2,3,136 Sommers Lane,INDIA,BSc,11-02-1975,2010
73,Leonerd,3,8,26 Evergreen Pass,INDIA,BSc,23-08-1973,2010
74,Guinna,2,3,616 Gulseth Point,INDIA,BSc,09-05-1986,1997
75,Myles,5,10,63107 Garrison Lane,INDIA,G10,20-10-1979,1992
76,Jackson,4,2,66862 Lien Circle,INDIA,MSc,15-01-1968,2000
77,Merrill,5,5,1656 Hoard Court,INDIA,MSc,29-12-1986,1994
78,Quentin,4,8,551 Farragut Drive,INDIA,G12,06-03-1991,1990
79,Georgia,5,2,67 Sherman Center,INDIA,MSc,09-04-1970,1995
80,Buck,3,6,706 Swallow Junction,INDIA,G12,21-02-1978,2002
81,Peg,5,9,5118 Coolidge Circle,INDIA,G12,18-06-1978,1995
82,Kristoffer,3,1,74740 1st Drive,INDIA,MSc,01-04-1995,2008
83,Chastity,2,1,64 Namekagon Park,INDIA,G10,17-09-1968,2010
84,Daile,2,2,701 Fulton Park,INDIA,G12,22-03-1986,2005
85,Kalil,1,2,8 Luster Road,INDIA,G12,04-09-1975,1997
86,Bunni,1,2,27559 Warbler Place,INDIA,G10,12-03-1985,2003
87,Nevsa,5,1,261 Chinook Parkway,INDIA,MSc,29-04-1964,1993
88,Godiva,1,9,7491 Drewry Lane,INDIA,G12,24-11-1992,2007
89,Pablo,2,3,538 Arapahoe Court,INDIA,G10,07-12-1970,2000
90,Staci,2,3,4795 Paget Terrace,INDIA,BSc,19-04-1967,2012
91,Doretta,2,3,96 Lotheville Road,INDIA,G10,03-04-1971,2002
92,Ulick,2,2,598 Meadow Valley Park,INDIA,G12,10-09-1969,1992
93,Melly,5,8,9132 Summer Ridge Junction,INDIA,G10,27-03-1970,2002
94,Cort,2,1,9690 Nova Hill,BAHRAIN,G10,30-03-1972,2003
95,Burt,4,9,7 Buhler Court,INDIA,BSc,20-08-1978,1978
96,Lindsay,3,5,57841 Meadow Valley Point,INDIA,BSc,18-05-1976,1992
97,Nance,4,8,957 Reindahl Parkway,INDIA,MSc,15-10-1995,2006
98,Coraline,3,5,57929 Rowland Point,INDIA,G12,22-02-1978,1987
99,Pierce,3,10,96017 Quincy Crossing,INDIA,MSc,30-06-1964,2003
100,Eleen,5,2,9 Eastlawn Circle,INDIA,G12,26-10-1975,2007
52,Ayush,1,1,Bilimora,INDIA,MSc,11-05-2002,2020
